\c hotel;

insert into apartment_type(name, description, capacity, cost)
values ('Одноместный однокомнатный номер «Сингл А»',
        'Номер повышенной комфортности.' ||
        'В номере: кровать 140х200см, холодильник, телевизор, кондиционер, WiFi. ' ||
        'Оснащение ванной комнаты: душ, туалет, умывальник, зеркало, косметические и банные принадлежности.',
        1, 70),
       ('Одноместный однокомнатный номер «Сингл В»',
        'Номер, предназначенный для одноместного размещения. ' ||
        'В номере: кровать 90х200см, холодильник, телевизор, WiFi. ' ||
        'Оснащение ванной комнаты: душ, туалет, умывальник, зеркало, косметические и банные принадлежности.',
        1, 50),
       ('Двухместный однокомнатный номер «Твин»',
        'Номер для двух человек. ' ||
        'В номере: две раздельные кровати 90х200см, холодильник, телевизор, кондиционер, WiFi. ' ||
        'Оснащение ванной комнаты: душ/ванна, туалет, умывальник, зеркало, косметические и банные принадлежности.',
        2, 95),
       ('Двухместный двухкомнатный «Дабл»',
        'Идеальный вариант как для индивидуального, так и для семейного размещения. ' ||
        'В номере: 2 комнаты, в спальной комнате кровать 160х200см, кондиционер; ' ||
        'гостиной – мягкая мебель (диван может использоваться как дополнительное спальное место), ' ||
        'столовая посуда и приборы, чайник. ' ||
        'Оснащение ванной комнаты: ванна, туалет, умывальник, зеркало, косметические и банные принадлежности.',
        2, 120),
       ('Двухместный трехкомнатный «Апартаменты»',
        'Идеальный вариант для отдыха и деловых встреч. ' ||
        'Просторный номер состоит из трех комнат: уютная спальня, элегантная гостиная, кухня. ' ||
        'В номере: в спальной комнате кровать 160х200см; ' ||
        'гостиной – мягкая мебель (диван может использоваться как дополнительное спальное место). ' ||
        'Оснащение ванной комнаты: ванна, туалет, умывальник, зеркало, косметические и банные принадлежности, фен, халат, тапочки, зубной набор. ' ||
        'Номер оборудован гостевым санузлом. ' ||
        'Оснащение кухни: холодильник, СВЧ-печь, столовая посуда и приборы, чайник. ' ||
        'Номер оборудован кондиционером.',
        2, 280),
       ('Трёхместный двухкомнатный номер',
        'Номер, предназначенный для размещения трех человек. ' ||
        'Данный вариант прекрасно подходит для размещения участников спортивных мероприятий, а также гостей с детьми. ' ||
        'В номере: две комнаты, спальня (3 спальных места, кровати 90х200см) и гостиная, холодильник, телевизор, WiFi. ' ||
        'Оснащение ванной комнаты: ванна, туалет, умывальник, зеркало, косметические и банные принадлежности.',
        3, 115);

insert into service(name, description, cost)
values ('Дополнительный завтрак',
        'Завтрак в договорное время',
        12),
       ('Дополнительная уборка номера',
        'Уборка жилого номера в договорное время',
        15),
       ('Услуги прачечной',
        'Стирка, сушка и глажка одежды',
        10),
       ('Экскурсия в XXX',
        'Групповая поездка с гидом на экскурсию в XXX',
        40),
       ('Вызов такси к гостинице',
        'Вызов такси к назначенному времени прямо к зданию гостиницы',
        14),
       ('Абонемент фитнес-зала (1)',
        'Однодневный абонемент в фитнес-зал',
        12),
       ('Абонемент фитнес-зала (7)',
        'Недельный абонемент в фитнес-зал',
        40),
       ('Прокат детской кроватки',
        'Предоставление детской кроватки на время проживания (не более одного месяца)',
        20);

insert into apartment(no, free, type_id)
values (101, true, 1),
       (201, false, 2),
       (302, false, 3),
       (402, true, 4),
       (502, false, 5),
       (603, true, 6);

insert into individual_identity(name, passport_id)
values ('ПУШКИН АЛЕКСАНДР СЕРГЕЕВИЧ', '1xxxxxxxxxxxxx'),
       ('ТОЛСТОЙ ЛЕВ НИКОЛАЕВИЧ', '2xxxxxxxxxxxxx'),
       ('ГОГОЛЬ НИКОЛАЙ ВАСИЛЬЕВИЧ', '3xxxxxxxxxxxxx'),
       ('ЕСЕНИН СЕРГЕЙ АЛЕКСАНДРОВИЧ', '4xxxxxxxxxxxxx'),
       ('МАЯКОВСКИЙ ВЛАДИМИР ВЛАДИМИРОВИЧ', '5xxxxxxxxxxxxx'),
       ('ЦВЕТАЕВА МАРИНА ИВАНОВНА ', '6xxxxxxxxxxxxx'),
       ('ФЕТ АФАНАСИЙ АФАНАСЬЕВИЧ', '7xxxxxxxxxxxxx');

insert into company_identity(name, taxpayer_id)
values ('ООО "СИЛЬВЕР СОЛЮШНЗ"', '0xxxxxxxx'),
       ('ЗАО "ДАММИ СЭМПЛ"', '1xxxxxxxx');

insert into customer(individual_id, company_id)
values (1, null),
       (2, null),
       (4, null),
       (null, 1);

insert into apartment_reservation(date, paid, check_in, check_out, apartment_no, customer_id)
values ('2024-02-01', true, '2024-02-02', '2024-02-09', 101, 1),
       ('2024-02-02', true, '2024-02-03', '2024-02-06', 402, 2),
       ('2024-02-04', true, '2024-02-09', '2024-02-16', 603, 4),
       ('2024-02-12', true, '2024-02-14', '2024-02-29', 201, 3),
       ('2024-03-01', false, '2024-03-08', '2024-03-14', 101, 1);

insert into guest(individual_id, reservation_id)
values (1, 1),
       (2, 2),
       (3, 2),
       (4, 3),
       (5, 3),
       (6, 3),
       (7, 4);

insert into service_order(guest_id, service_id, order_date, service_date, paid)
values (1, 1, '2024-02-08', '2024-02-09', true),
       (2, 2, '2024-02-04', '2024-02-04', true),
       (3, 3, '2024-02-05', '2024-02-06', true),
       (4, 4, '2024-02-23', '2024-02-28', false),
       (6, 5, '2024-02-12', '2024-02-12', true);

select